{"cameraMode":{"drawMode":0,"name":"Shaded","section":"Shading Mode"},"sceneLighting":false,"audioPlay":false,"sceneViewState":{"m_AlwaysRefresh":false,"showFog":true,"showSkybox":false,"showFlares":true,"showImageEffects":true,"showParticleSystems":true,"showVisualEffectGraphs":true,"m_FxEnabled":true},"in2DMode":false,"pivot":{"x":0.2840000092983246,"y":-0.18287336826324464,"z":0.7008771896362305},"rotation":{"x":-0.036034680902957919,"y":0.9157136082649231,"z":-0.3912737965583801,"w":-0.08432313799858093},"size":0.5418664216995239,"orthographic":false}