{"cameraMode":{"drawMode":0,"name":"Shaded","section":"Shading Mode"},"sceneLighting":false,"audioPlay":false,"sceneViewState":{"m_AlwaysRefresh":false,"showFog":true,"showSkybox":false,"showFlares":true,"showImageEffects":true,"showParticleSystems":true,"showVisualEffectGraphs":true,"m_FxEnabled":true},"in2DMode":false,"pivot":{"x":10.820560455322266,"y":0.16779261827468873,"z":-0.10260939598083496},"rotation":{"x":-0.08396518230438233,"y":-0.9038993120193481,"z":0.20860973000526429,"w":-0.363937646150589},"size":3.321747064590454,"orthographic":false}