{"cameraMode":{"drawMode":0,"name":"Shaded","section":"Shading Mode"},"sceneLighting":true,"audioPlay":false,"sceneViewState":{"m_AlwaysRefresh":false,"showFog":true,"showSkybox":false,"showFlares":true,"showImageEffects":true,"showParticleSystems":true,"showVisualEffectGraphs":true,"m_FxEnabled":true},"in2DMode":false,"pivot":{"x":-6.373447418212891,"y":2.523954391479492,"z":10.593021392822266},"rotation":{"x":-0.0050386302173137669,"y":-0.994364857673645,"z":0.055552005767822269,"w":-0.09031692892313004},"size":12.124356269836426,"orthographic":false}