{"cameraMode":{"drawMode":0,"name":"Shaded","section":"Shading Mode"},"sceneLighting":false,"audioPlay":false,"sceneViewState":{"m_AlwaysRefresh":false,"showFog":true,"showSkybox":false,"showFlares":true,"showImageEffects":true,"showParticleSystems":true,"showVisualEffectGraphs":true,"m_FxEnabled":true},"in2DMode":false,"pivot":{"x":527.7172241210938,"y":0.25258398056030276,"z":455.4108581542969},"rotation":{"x":-0.036034680902957919,"y":0.9157136082649231,"z":-0.3912737965583801,"w":-0.08432313799858093},"size":1.8857331275939942,"orthographic":false}