{"cameraMode":{"drawMode":0,"name":"Shaded","section":"Shading Mode"},"sceneLighting":false,"audioPlay":false,"sceneViewState":{"m_AlwaysRefresh":false,"showFog":true,"showSkybox":false,"showFlares":true,"showImageEffects":true,"showParticleSystems":true,"showVisualEffectGraphs":true,"m_FxEnabled":true},"in2DMode":false,"pivot":{"x":-8.456000328063965,"y":2.0209083557128908,"z":6.8021111488342289},"rotation":{"x":-0.09511629492044449,"y":0.8968849778175354,"z":-0.23552124202251435,"w":-0.36214888095855715},"size":0.2582499384880066,"orthographic":false}