{"cameraMode":{"drawMode":0,"name":"Shaded","section":"Shading Mode"},"sceneLighting":true,"audioPlay":false,"sceneViewState":{"m_AlwaysRefresh":false,"showFog":true,"showSkybox":false,"showFlares":true,"showImageEffects":true,"showParticleSystems":true,"showVisualEffectGraphs":true,"m_FxEnabled":true},"in2DMode":false,"pivot":{"x":-0.01651647686958313,"y":3.6949381828308107,"z":0.026966184377670289},"rotation":{"x":0.2729323208332062,"y":-0.5259738564491272,"z":0.1829909235239029,"w":0.7845069169998169},"size":2.634908437728882,"orthographic":false}